subsistema;ID_CENTRO;personas;promedio_mayo_junio_2025;promedio_mayo_junio_2026;perdida_total_dias;diferencia_promedio;variacion_promedio_pct
Secundaria;centro_0003;246;24,88617886178862;15,036585365853659;2423;-9,84959349593496;-39,578569095066975
Secundaria;centro_0004;143;9,972027972027972;10,363636363636363;-56;0,39160839160839167;3,927068723702676
Secundaria;centro_0006;397;7,5465994962216625;4,105793450881612;1366;-3,44080604534005;-45,59412550066756
Secundaria;centro_0007;222;14,842342342342342;12,472972972972974;526;-2,369369369369368;-15,96358118361152
Secundaria;centro_0009;613;14,269168026101141;9,456769983686787;2950;-4,812398042414355;-33,725848862467124
Secundaria;centro_0010;618;10,831715210355988;11,284789644012944;-280;0,45307443365695654;4,182850313713771
Secundaria;centro_0011;668;12,290419161676647;10,702095808383234;1061;-1,5883233532934131;-12,923264311814863
Secundaria;centro_0012;1130;14,750442477876106;10,664601769911505;4617;-4,085840707964602;-27,699784017278617
Secundaria;centro_0013;625;5,8768;4,1968;1050;-1,6800000000000006;-28,586986114892465
Secundaria;centro_0014;372;16,836021505376344;9,731182795698924;2643;-7,10483870967742;-42,20022353504711
Secundaria;centro_0016;610;14,218032786885246;10,029508196721311;2555;-4,188524590163935;-29,45924132364811
Secundaria;centro_0017;677;14,124076809453472;11,085672082717872;2057;-3,0384047267355996;-21,512235933905043
Secundaria;centro_0019;722;13,110803324099724;7,350415512465374;4159;-5,76038781163435;-43,93619268962603
Secundaria;centro_0021;688;8,828488372093023;6,023255813953488;1930;-2,8052325581395348;-31,77477774119196
Secundaria;centro_0022;393;17,638676844783713;10,223918575063614;2914;-7,4147582697200995;-42,03693017888055
Secundaria;centro_0025;627;16,12121212121212;12,778309409888358;2096;-3,342902711323763;-20,73605065294816
Secundaria;centro_0026;449;19,630289532293986;16,106904231625837;1582;-3,5233853006681493;-17,948717948717942
Secundaria;centro_0032;1212;12,799504950495049;9,443894389438944;4067;-3,355610561056105;-26,216721459421134
Secundaria;centro_0033;781;17,166453265044815;11,668373879641486;4294;-5,498079385403329;-32,02804505109271
Secundaria;centro_0036;750;11,062666666666667;6,828;3176;-4,234666666666667;-38,27889598650114
Secundaria;centro_0038;321;7,457943925233645;4,32398753894081;1006;-3,1339563862928346;-42,02172096908938
Secundaria;centro_0039;695;11,955395683453238;8,67338129496403;2281;-3,282014388489209;-27,45216030809965
Secundaria;centro_0040;513;10,95711500974659;6,742690058479532;2162;-4,214424951267057;-38,462906956057644
Secundaria;centro_0044;440;23,256818181818183;18,220454545454544;2216;-5,036363636363639;-21,655428515586838
Secundaria;centro_0045;535;11,988785046728973;9,385046728971963;1393;-2,60373831775701;-21,71811661989399
Secundaria;centro_0046;345;12,11304347826087;11,391304347826088;249;-0,7217391304347824;-5,958363244795406
Secundaria;centro_0048;263;10,300380228136882;7,692015209125476;686;-2,6083650190114067;-25,322997416020666
Secundaria;centro_0050;150;22,02;12,226666666666667;1469;-9,793333333333333;-44,47471995155918
Secundaria;centro_0051;493;23,547667342799187;25,896551724137932;-1158;2,3488843813387454;9,97501938151435
Secundaria;centro_0052;453;19,450331125827816;18,97792494481236;214;-0,4724061810154545;-2,428782204063118
Secundaria;centro_0053;348;12,681034482758621;11,623563218390805;368;-1,0574712643678161;-8,338998413777476
Secundaria;centro_0054;846;12,3274231678487;8,432624113475176;3295;-3,8947990543735234;-31,594592003068378
Secundaria;centro_0055;164;17,048780487804876;12,164634146341463;801;-4,884146341463413;-28,648068669527895
Secundaria;centro_0056;383;7,496083550913838;5,8172323759791125;643;-1,6788511749347252;-22,396377568791358
Secundaria;centro_0059;972;11,450617283950617;9,103909465020577;2281;-2,3467078189300405;-20,49415992812219
Secundaria;centro_0060;375;14,018666666666666;11,165333333333333;1070;-2,8533333333333335;-20,35381396233593
Secundaria;centro_0061;774;12,135658914728682;6,811369509043928;4121;-5,324289405684754;-43,87309698711807
Secundaria;centro_0062;446;13,461883408071749;8,15695067264574;2366;-5,304932735426009;-39,4070619586942
Secundaria;centro_0063;666;12,01951951951952;6,123123123123123;3927;-5,896396396396397;-49,05683947532792
Secundaria;centro_0064;527;9,199240986717268;9,064516129032258;71;-0,13472485768500952;-1,4645214521452177
Secundaria;centro_0065;508;18,537401574803148;8,994094488188976;4848;-9,543307086614172;-51,48136349155782
Secundaria;centro_0066;465;6,903225806451613;6,52258064516129;177;-0,3806451612903228;-5,5140186915887845
Secundaria;centro_0068;412;11,184466019417476;9,604368932038835;651;-1,5800970873786415;-14,127604166666675
Secundaria;centro_0077;1383;10,798987707881418;5,5191612436731745;7302;-5,279826464208243;-48,89186474723803
Secundaria;centro_0078;214;23,322429906542055;14,154205607476635;1962;-9,16822429906542;-39,310759366860346
Secundaria;centro_0080;563;16,545293072824155;10,11190053285968;3622;-6,4333925399644745;-38,883521202361784
Secundaria;centro_0081;348;14,931034482758621;11,011494252873563;1364;-3,919540229885058;-26,250962278675903
Secundaria;centro_0083;467;17,948608137044967;12,490364025695932;2549;-5,458244111349035;-30,41040324504891
Secundaria;centro_0091;332;7,716867469879518;4,093373493975903;1203;-3,6234939759036147;-46,95550351288057
Secundaria;centro_0092;561;6,807486631016043;4,003565062388592;1573;-2,803921568627451;-41,18879287771667
Secundaria;centro_0093;448;16,555803571428573;10,845982142857142;2558;-5,709821428571431;-34,48833760280438
Secundaria;centro_0096;1044;9,511494252873563;6,871647509578544;2756;-2,639846743295019;-27,75427995971802
Secundaria;centro_0097;648;7,976851851851852;7,459876543209877;335;-0,5169753086419755;-6,4809440897659165
Secundaria;centro_0100;211;8,274881516587678;5,507109004739337;584;-2,7677725118483414;-33,447880870561285
Secundaria;centro_0102;605;9,22809917355372;6,04297520661157;1927;-3,1851239669421494;-34,51549346229626
Secundaria;centro_0103;243;18,650205761316872;16,012345679012345;641;-2,6378600823045275;-14,143865842894975
Secundaria;centro_0104;271;14,523985239852399;13,0;413;-1,523985239852399;-10,492886178861793
Secundaria;centro_0105;734;12,863760217983652;7,540871934604905;3907;-5,322888283378747;-41,3789451387418
Secundaria;centro_0110;875;12,365714285714287;7,957714285714285;3857;-4,408000000000001;-35,64695009242145
Secundaria;centro_0111;242;10,644628099173554;5,760330578512397;1182;-4,884297520661157;-45,88509316770186
Secundaria;centro_0112;351;13,675213675213675;6,572649572649572;2493;-7,102564102564102;-51,93749999999999
Secundaria;centro_0113;687;10,829694323144105;5,542940320232897;3632;-5,286754002911208;-48,817204301075265
Secundaria;centro_0114;411;18,355231143552313;16,51338199513382;757;-1,8418491484184933;-10,034464475079542
Secundaria;centro_0115;47;18,829787234042552;11,27659574468085;355;-7,553191489361701;-40,112994350282484
Secundaria;centro_0116;533;19,611632270168855;13,018761726078798;3514;-6,592870544090056;-33,617143403807525
Secundaria;centro_0117;799;21,30413016270338;12,461827284105132;7065;-8,842302878598248;-41,50511103278111
Secundaria;centro_0122;315;6,66984126984127;3,4825396825396826;1004;-3,1873015873015875;-47,78676820561637
Secundaria;centro_0124;656;12,606707317073171;10,042682926829269;1682;-2,564024390243903;-20,338573155985497
Secundaria;centro_0125;212;6,650943396226415;8,117924528301886;-311;1,466981132075471;22,056737588652474
Secundaria;centro_0137;345;7,278260869565218;8,040579710144927;-263;0,7623188405797094;10,473914774990023
Secundaria;centro_0141;433;15,087759815242494;7,20554272517321;3413;-7,882217090069284;-52,24246135006888
Secundaria;centro_0142;611;16,407528641571194;8,944353518821604;4560;-7,46317512274959;-45,4862842892768
Secundaria;centro_0143;276;19,10144927536232;10,902173913043478;2263;-8,199275362318842;-42,92488619119879
Secundaria;centro_0144;598;8,078595317725753;5,693979933110368;1426;-2,384615384615385;-29,517698199130614
Secundaria;centro_0145;624;13,1875;6,602564102564102;4109;-6,584935897435898;-49,933163203305384
Secundaria;centro_0146;399;17,87468671679198;12,724310776942357;2055;-5,150375939849624;-28,81379697139652
Secundaria;centro_0148;554;15,528880866425993;10,222021660649819;2940;-5,306859205776174;-34,174125305126125
Secundaria;centro_0150;501;13,22754491017964;11,255489021956087;988;-1,9720558882235526;-14,908706805492677
Secundaria;centro_0151;486;8,034979423868313;5,9300411522633745;1023;-2,1049382716049383;-26,197183098591548
Secundaria;centro_0152;325;15,495384615384616;9,747692307692308;1868;-5,747692307692308;-37,09293089753773
Secundaria;centro_0153;175;10,108571428571429;6,6971428571428575;597;-3,411428571428571;-33,747880158281504
Secundaria;centro_0154;31;3,5161290322580645;3,967741935483871;-14;0,4516129032258065;12,844036697247718
Secundaria;centro_0155;286;11,118881118881118;4,388111888111888;1925;-6,73076923076923;-60,534591194968556
Secundaria;centro_0156;404;7,388613861386139;4,752475247524752;1065;-2,6361386138613865;-35,678391959798994
Secundaria;centro_0158;406;13,783251231527094;8,12807881773399;2296;-5,655172413793105;-41,029306647605445
Secundaria;centro_0160;722;11,361495844875346;5,020775623268698;4578;-6,340720221606648;-55,80885042057784
Secundaria;centro_0172;432;18,89814814814815;9,018518518518519;4268;-9,87962962962963;-52,27829495345419
Secundaria;centro_0174;508;19,15748031496063;10,549212598425196;4373;-8,608267716535433;-44,93423756678997
Secundaria;centro_0178;867;19,53863898500577;12,484429065743944;6116;-7,054209919261824;-36,10389610389612
Secundaria;centro_0180;511;11,176125244618396;8,16242661448141;1540;-3,013698630136986;-26,965505165470137
Secundaria;centro_0182;171;14,970760233918128;9,912280701754385;865;-5,058479532163743;-33,7890625
Secundaria;centro_0184;805;10,967701863354037;7,592546583850932;2717;-3,3751552795031055;-30,77358704270019
Secundaria;centro_0188;664;13,490963855421686;11,275602409638553;1471;-2,2153614457831328;-16,421076133065416
Secundaria;centro_0190;253;13,881422924901186;9,577075098814229;1089;-4,304347826086957;-31,007972665148063
Secundaria;centro_0195;645;7,674418604651163;6,5813953488372094;705;-1,0930232558139537;-14,242424242424246
Secundaria;centro_0197;657;6,812785388127854;5,083713850837139;1136;-1,7290715372907153;-25,37980339588919
Secundaria;centro_0199;394;10,467005076142131;4,5761421319796955;2321;-5,890862944162436;-56,280310378273526
Secundaria;centro_0200;776;9,278350515463918;5,72680412371134;2756;-3,551546391752578;-38,27777777777778
Secundaria;centro_0201;1018;14,3811394891945;9,916502946954813;4545;-4,4646365422396865;-31,045081967213118
Secundaria;centro_0202;750;13,101333333333333;8,021333333333333;3810;-5,08;-38,77467942194179
Secundaria;centro_0203;340;13,608823529411765;9,288235294117648;1469;-4,320588235294117;-31,74843311000648
Secundaria;centro_0204;148;19,52027027027027;12,75;1002;-6,77027027027027;-34,68328141225337
Secundaria;centro_0210;182;6,115384615384615;4,906593406593407;220;-1,208791208791208;-19,766397124887682
Secundaria;centro_0212;189;16,275132275132275;16,142857142857142;25;-0,132275132275133;-0,8127438231469442
Secundaria;centro_0221;386;13,94818652849741;6,7642487046632125;2773;-7,183937823834197;-51,50445765230312
Secundaria;centro_0228;1061;17,19981149858624;10,358152686145147;7259;-6,841658812441093;-39,777522056003065
Secundaria;centro_0231;473;18,260042283298098;13,209302325581396;2389;-5,0507399577167025;-27,66006715294662
Secundaria;centro_0232;640;8,5140625;5,9328125;1652;-2,58125;-30,317489447605062
Secundaria;centro_0234;967;13,279214064115822;8,829369183040331;4303;-4,4498448810754905;-33,5098512576902
Secundaria;centro_0243;552;11,318840579710145;3,8043478260869565;4148;-7,514492753623188;-66,38924455825864
Secundaria;centro_0244;58;9,0;9,551724137931034;-32;0,5517241379310338;6,130268199233702
Secundaria;centro_0246;405;16,320987654320987;12,54320987654321;1530;-3,777777777777777;-23,14674735249621
Secundaria;centro_0249;524;15,141221374045802;10,01526717557252;2686;-5,125954198473282;-33,854297958154774
Secundaria;centro_0250;247;3,5789473684210527;2,396761133603239;292;-1,1821862348178138;-33,0316742081448
Secundaria;centro_0251;1167;11,952870608397602;8,567266495287061;3951;-3,3856041131105403;-28,324611083231776
Secundaria;centro_0252;633;15,638230647709321;9,236966824644549;4052;-6,401263823064772;-40,93342761895141
Secundaria;centro_0253;487;9,119096509240247;6,318275154004107;1364;-2,80082135523614;-30,71380319747805
Secundaria;centro_0260;397;13,801007556675064;9,52896725440806;1696;-4,272040302267003;-30,954553750684433
Secundaria;centro_0265;705;16,770212765957446;10,991489361702127;4074;-5,778723404255318;-34,4582593250444
Secundaria;centro_0268;319;18,294670846394986;12,460815047021944;1861;-5,833855799373042;-31,88827964359151
Secundaria;centro_0270;388;18,00515463917526;15,50257731958763;971;-2,5025773195876297;-13,899227025479533
Secundaria;centro_0274;246;18,252032520325205;16,447154471544714;444;-1,8048780487804912;-9,888641425389777
Secundaria;centro_0277;404;13,933168316831683;8,913366336633663;2028;-5,01980198019802;-36,027713625866056
Secundaria;centro_0278;289;18,238754325259517;14,934256055363322;955;-3,304498269896195;-18,118004173781067
Secundaria;centro_0284;308;16,133116883116884;13,672077922077921;758;-2,4610389610389625;-15,254578385993167
Secundaria;centro_0286;341;19,038123167155426;10,782991202346041;2815;-8,255131964809385;-43,36105976586568
Secundaria;centro_0289;203;7,192118226600985;3,9655172413793105;655;-3,2266009852216744;-44,86301369863013
Secundaria;centro_0292;885;12,531073446327683;11,134463276836158;1236;-1,3966101694915256;-11,145175834084764
Secundaria;centro_0293;499;25,180360721442884;19,877755511022045;2646;-5,30260521042084;-21,058495821727007
Secundaria;centro_0294;153;4,830065359477124;11,673202614379084;-1047;6,8431372549019605;141,67794316644114
Secundaria;centro_0297;917;13,142857142857142;7,344601962922574;5317;-5,798255179934569;-44,117158977763026
Secundaria;centro_0298;513;18,50682261208577;12,637426900584796;3011;-5,8693957115009745;-31,714767221402994
Secundaria;centro_0299;280;22,660714285714285;12,471428571428572;2853;-10,189285714285713;-44,9645390070922
Secundaria;centro_0300;313;11,3258785942492;9,1629392971246;677;-2,1629392971246;-19,097320169252463
Secundaria;centro_0304;136;6,955882352941177;3,536764705882353;465;-3,419117647058824;-49,15433403805497
Secundaria;centro_0307;184;6,929347826086956;2,5434782608695654;807;-4,385869565217391;-63,29411764705881
Secundaria;centro_0315;620;17,108064516129033;12,509677419354839;2851;-4,598387096774195;-26,878476477797687
Secundaria;centro_0316;236;13,016949152542374;9,754237288135593;770;-3,2627118644067803;-25,065104166666675
Secundaria;centro_0317;236;18,56779661016949;9,466101694915254;2148;-9,101694915254237;-49,018712916476495
Secundaria;centro_0320;304;7,092105263157895;9,095394736842104;-609;2,0032894736842097;28,24675324675323
Secundaria;centro_0321;195;7,512820512820513;4,533333333333333;581;-2,9794871794871796;-39,65870307167235
Secundaria;centro_0323;775;12,51741935483871;7,708387096774193;3727;-4,809032258064517;-38,41871971961653
Secundaria;centro_0337;233;13,360515021459227;11,965665236051501;325;-1,3948497854077253;-10,440089945390296
Secundaria;centro_0338;212;7,778301886792453;5,15566037735849;556;-2,6226415094339623;-33,717404487568224
Secundaria;centro_0344;480;11,802083333333334;8,772916666666667;1454;-3,029166666666667;-25,66637246248896
Secundaria;centro_0353;380;17,655263157894737;14,342105263157896;1259;-3,3131578947368414;-18,765836935459824
Secundaria;centro_0354;517;8,680851063829786;6,056092843326886;1357;-2,6247582205029003;-30,236185383244198
Secundaria;centro_0356;634;16,063091482649842;15,569400630914826;313;-0,4936908517350158;-3,0734485467399875
Secundaria;centro_0357;377;21,55702917771883;16,222811671087534;2011;-5,334217506631298;-24,744678233050323
Secundaria;centro_0362;276;7,536231884057971;6,195652173913044;370;-1,3405797101449268;-17,78846153846153
Secundaria;centro_0363;515;11,03495145631068;7,656310679611651;1740;-3,3786407766990285;-30,61763153264121
Secundaria;centro_0367;81;5,012345679012346;2,382716049382716;213;-2,6296296296296298;-52,46305418719213
Secundaria;centro_0368;226;16,057522123893804;8,579646017699115;1690;-7,477876106194689;-46,56930283824745
Secundaria;centro_0377;455;17,84835164835165;11,505494505494505;2886;-6,342857142857143;-35,53749538234208
Secundaria;centro_0379;822;8,517031630170317;5,928223844282239;2128;-2,5888077858880783;-30,395657763176686
Secundaria;centro_0385;359;3,214484679665738;1,9749303621169916;445;-1,2395543175487465;-38,56152512998266
Secundaria;centro_0387;175;10,674285714285714;6,182857142857143;786;-4,491428571428571;-42,07708779443254
Secundaria;centro_0391;309;16,58252427184466;9,258899676375405;2263;-7,323624595469257;-44,16471506635441
Secundaria;centro_0395;97;10,1340206185567;7,845360824742268;222;-2,288659793814433;-22,583926754832152
Secundaria;centro_0397;589;16,840407470288625;9,385398981324279;4391;-7,455008488964346;-44,268575461236004
Secundaria;centro_0402;104;17,98076923076923;14,39423076923077;373;-3,58653846153846;-19,94652406417111
Secundaria;centro_0406;701;8,854493580599144;7,333808844507846;1066;-1,5206847360912974;-17,1741582084743
Secundaria;centro_0409;504;20,083333333333332;15,023809523809524;2550;-5,059523809523808;-25,192649673977474
Secundaria;centro_0414;416;21,348557692307693;12,764423076923077;3571;-8,584134615384617;-40,20943587433848
Secundaria;centro_0415;569;14,572934973637961;11,156414762741653;1944;-3,4165202108963086;-23,444283646888564
Secundaria;centro_0416;371;15,681940700808624;12,15633423180593;1308;-3,5256064690026943;-22,481952561017525
Secundaria;centro_0422;210;15,185714285714285;13,3;396;-1,8857142857142843;-12,41768579492003
Secundaria;centro_0424;48;13,541666666666666;10,833333333333334;130;-2,708333333333332;-19,999999999999996
Secundaria;centro_0426;563;13,236234458259325;10,868561278863233;1333;-2,3676731793960926;-17,88781535158347
Secundaria;centro_0432;159;11,867924528301886;11,930817610062894;-10;0,06289308176100761;0,5299417064122958
Secundaria;centro_0433;739;16,317997293640055;9,487144790257105;5048;-6,83085250338295;-41,860850816817305
Secundaria;centro_0434;682;17,541055718475075;11,413489736070382;4179;-6,127565982404693;-34,93270918665887
Secundaria;centro_0440;401;18,456359102244388;13,12219451371571;2139;-5,334164588528678;-28,901499797324682
Secundaria;centro_0443;193;5,787564766839378;2,673575129533679;601;-3,1139896373056994;-53,804834377797675
Secundaria;centro_0446;665;11,666165413533834;10,270676691729323;928;-1,3954887218045116;-11,961845836555817
Secundaria;centro_0454;282;6,74113475177305;6,212765957446808;149;-0,5283687943262416;-7,837980010520784
Secundaria;centro_0459;964;8,312240663900415;6,9346473029045645;1328;-1,3775933609958502;-16,573068763259702
Secundaria;centro_0460;332;6,822289156626506;4,620481927710843;731;-2,201807228915663;-32,273730684326715
Secundaria;centro_0468;539;8,54730983302412;6,159554730983302;1287;-2,387755102040817;-27,935749945734756
Secundaria;centro_0474;178;17,528089887640448;12,786516853932584;844;-4,741573033707864;-27,051282051282044
Secundaria;centro_0476;322;5,537267080745342;5,416149068322981;39;-0,12111801242236098;-2,187324733595075
Secundaria;centro_0482;503;13,007952286282306;8,280318091451292;2378;-4,727634194831014;-36,344184624789854
Secundaria;centro_0484;194;19,742268041237114;10,948453608247423;1706;-8,793814432989691;-44,543080939947785
Secundaria;centro_0485;451;19,75609756097561;11,518847006651885;3715;-8,237250554323726;-41,694725028058365
Secundaria;centro_0486;587;17,71039182282794;12,706984667802384;2937;-5,003407155025556;-28,251250480954226
Secundaria;centro_0490;136;10,985294117647058;9,529411764705882;198;-1,4558823529411757;-13,253012048192769
Secundaria;centro_0497;735;12,360544217687075;6,447619047619048;4346;-5,912925170068027;-47,83709411117226
Secundaria;centro_0499;872;12,02637614678899;7,934633027522936;3568;-4,091743119266055;-34,02307618956804
Secundaria;centro_0506;533;23,23827392120075;17,151969981238274;3244;-6,086303939962477;-26,190860649119973
Secundaria;centro_0518;455;19,71868131868132;14,832967032967034;2223;-4,885714285714286;-24,777084262148907
Secundaria;centro_0524;454;21,262114537444933;15,17180616740088;2765;-6,090308370044053;-28,643944887599705
Secundaria;centro_0525;167;9,173652694610778;6,9640718562874255;369;-2,209580838323353;-24,086161879895553
Secundaria;centro_0542;95;14,578947368421053;6,3052631578947365;786;-8,273684210526316;-56,75090252707582
Secundaria;centro_0543;445;11,532584269662921;8,467415730337079;1364;-3,0651685393258425;-26,578332034294615
Secundaria;centro_0544;507;13,372781065088757;13,128205128205128;124;-0,24457593688362955;-1,8289085545722727
Secundaria;centro_0547;682;9,667155425219942;6,086510263929619;2442;-3,580645161290323;-37,0392840891855
Secundaria;centro_0549;465;9,451612903225806;5,025806451612903;2058;-4,425806451612903;-46,82593856655291
Secundaria;centro_0554;177;22,677966101694917;15,548022598870057;1262;-7,12994350282486;-31,43996013951171
Secundaria;centro_0561;218;17,90366972477064;7,894495412844036;2182;-10,009174311926603;-55,90571355367666
Secundaria;centro_0566;331;18,196374622356494;10,709969788519638;2478;-7,486404833836856;-41,142287896397136
Secundaria;centro_0569;1134;11,753086419753087;5,919753086419753;6615;-5,833333333333334;-49,63235294117647
Secundaria;centro_0573;776;9,650773195876289;7,333762886597938;1798;-2,3170103092783503;-24,008545867272
Secundaria;centro_0589;201;12,373134328358208;6,263681592039801;1228;-6,109452736318407;-49,37675914756735
Secundaria;centro_0594;633;14,339652448657189;12,431279620853081;1208;-1,9083728278041079;-13,30836179354412
Secundaria;centro_0595;272;15,386029411764707;8,948529411764707;1751;-6,4375;-41,83990442054958
Secundaria;centro_0603;393;17,325699745547073;9,854961832061068;2936;-7,470737913486005;-43,119400793067996
Secundaria;centro_0605;596;11,986577181208053;8,776845637583893;1913;-3,2097315436241605;-26,777715565509517
Secundaria;centro_0607;537;10,41340782122905;8,720670391061452;909;-1,6927374301675986;-16,255364806866957
Secundaria;centro_0614;206;13,995145631067961;11,053398058252426;606;-2,941747572815535;-21,01977107180022
Secundaria;centro_0618;433;17,30715935334873;9,891454965357967;3211;-7,415704387990763;-42,84761142247131
Secundaria;centro_0620;487;17,503080082135522;15,587268993839835;933;-1,915811088295687;-10,945565462224305
Secundaria;centro_0622;558;15,727598566308243;9,476702508960573;3488;-6,250896057347671;-39,744758432087515
Secundaria;centro_0623;189;16,264550264550266;12,455026455026456;720;-3,80952380952381;-23,42225113858165
Secundaria;centro_0628;389;16,989717223650384;9,336760925449871;2977;-7,652956298200513;-45,04463610228476
Secundaria;centro_0629;304;18,30263157894737;15,358552631578947;895;-2,944078947368423;-16,085549964054646
Secundaria;centro_0633;414;18,202898550724637;11,106280193236715;2938;-7,096618357487921;-38,98619957537155
Secundaria;centro_0637;629;15,09697933227345;7,399046104928458;4842;-7,6979332273449925;-50,98989048020219
Secundaria;centro_0640;76;15,868421052631579;13,236842105263158;200;-2,6315789473684212;-16,58374792703151
Secundaria;centro_0647;403;17,096774193548388;14,806451612903226;923;-2,290322580645162;-13,396226415094347
Secundaria;centro_0655;153;17,045751633986928;10,169934640522875;1052;-6,875816993464053;-40,33742331288344
Secundaria;centro_0672;813;17,01722017220172;12,354243542435425;3791;-4,6629766297662965;-27,401517889410908
Secundaria;centro_0674;213;10,244131455399062;8,671361502347418;335;-1,572769953051644;-15,352887259395054
Secundaria;centro_0679;123;11,902439024390244;15,520325203252032;-445;3,617886178861788;30,39617486338797
Secundaria;centro_0682;80;12,05;8,7875;261;-3,262500000000001;-27,0746887966805
Secundaria;centro_0693;841;10,394768133174791;5,093935790725327;4458;-5,300832342449464;-50,995195607412484
Secundaria;centro_0696;373;14,158176943699733;7,64343163538874;2430;-6,514745308310992;-46,014012497633026
Secundaria;centro_0698;833;7,750300120048019;7,5858343337334935;137;-0,16446578631452535;-2,1220570012391526
Secundaria;centro_0700;462;19,525974025974026;12,70995670995671;3149;-6,816017316017316;-34,90743819975612
Secundaria;centro_0701;294;25,023809523809526;19,45578231292517;1637;-5,568027210884356;-22,250917493543575
Secundaria;centro_0702;168;6,505952380952381;3,017857142857143;586;-3,4880952380952386;-53,61390667886552
Secundaria;centro_0704;639;10,11737089201878;6,203442879499217;2501;-3,9139280125195626;-38,68522815158546
Secundaria;centro_0705;471;25,02972399150743;17,787685774946922;3411;-7,242038216560509;-28,933751802527773
Secundaria;centro_0706;205;22,682926829268293;17,653658536585365;1031;-5,029268292682929;-22,172043010752695
Secundaria;centro_0707;160;18,59375;11,89375;1072;-6,699999999999999;-36,033613445378144
Secundaria;centro_0717;444;20,5990990990991;14,871621621621621;2543;-5,727477477477478;-27,804504701508858
Secundaria;centro_0718;57;9,824561403508772;2,824561403508772;399;-7,0;-71,25
Secundaria;centro_0719;205;11,31219512195122;8,960975609756098;482;-2,3512195121951223;-20,784821043553258
Secundaria;centro_0726;686;14,14868804664723;10,221574344023324;2694;-3,927113702623906;-27,756027199670307
Secundaria;centro_0731;313;18,399361022364218;11,725239616613418;2089;-6,6741214057508;-36,27365862128842
Secundaria;centro_0734;249;15,240963855421686;8,931726907630521;1571;-6,309236947791165;-41,3965744400527
Secundaria;centro_0741;94;7,372340425531915;2,351063829787234;472;-5,0212765957446805;-68,1096681096681
Secundaria;centro_0742;84;5,238095238095238;3,2142857142857144;170;-2,0238095238095237;-38,63636363636363
Secundaria;centro_0743;316;17,15506329113924;9,35126582278481;2466;-7,8037974683544284;-45,48976203652462
Secundaria;centro_0745;195;6,635897435897436;4,569230769230769;403;-2,0666666666666673;-31,143740340030924
Secundaria;centro_0747;316;14,215189873417721;6,155063291139241;2547;-8,06012658227848;-56,70080142475511
Secundaria;centro_0751;162;32,08641975308642;20,382716049382715;1896;-11,703703703703702;-36,47556752597153
Secundaria;centro_0752;96;23,958333333333332;14,572916666666666;901;-9,385416666666666;-39,17391304347826
Secundaria;centro_0766;378;9,386243386243386;7,558201058201059;691;-1,8280423280423275;-19,475760992108228
Secundaria;centro_0768;489;23,666666666666668;14,537832310838446;4464;-9,128834355828221;-38,57253953166854
Secundaria;centro_0769;454;18,795154185022028;15,07488986784141;1689;-3,720264317180618;-19,79374194304465
Secundaria;centro_0782;186;13,112903225806452;15,876344086021506;-514;2,763440860215054;21,074210742107425
Secundaria;centro_0785;74;5,364864864864865;9,08108108108108;-275;3,716216216216216;69,26952141057934
Secundaria;centro_0786;343;13,830903790087463;7,481049562682216;2178;-6,349854227405247;-45,9106239460371
Secundaria;centro_0794;419;22,241050119331742;10,37708830548926;4971;-11,863961813842483;-53,34263332975642
Secundaria;centro_0803;104;13,682692307692308;10,576923076923077;323;-3,1057692307692317;-22,698524244553763
Secundaria;centro_0806;199;16,44221105527638;9,557788944723619;1370;-6,884422110552762;-41,87041564792175
Secundaria;centro_0807;77;13,03896103896104;9,116883116883116;302;-3,922077922077923;-30,079681274900405
Secundaria;centro_0824;256;9,8359375;1,578125;2114;-8,2578125;-83,95552025416998
Secundaria;centro_0834;121;7,0;4,140495867768595;346;-2,8595041322314048;-40,85005903187721
Secundaria;centro_0837;328;16,658536585365855;15,753048780487806;297;-0,9054878048780495;-5,4355783308931205
Secundaria;centro_0846;61;5,672131147540983;4,344262295081967;81;-1,3278688524590159;-23,410404624277447
Secundaria;centro_0847;79;5,3544303797468356;4,139240506329114;96;-1,2151898734177218;-22,69503546099291
Secundaria;centro_0853;211;16,009478672985782;14,52132701421801;314;-1,488151658767773;-9,295441089402011
Secundaria;centro_0859;243;16,76954732510288;12,106995884773662;1133;-4,662551440329219;-27,803680981595104
Secundaria;centro_0873;110;13,863636363636363;9,572727272727272;472;-4,290909090909091;-30,950819672131146
Secundaria;centro_0874;381;13,383202099737533;14,296587926509186;-348;0,9133858267716537;6,824867621102171
Secundaria;centro_0876;271;13,180811808118081;8,583025830258302;1246;-4,597785977859779;-34,882418812989926
Secundaria;centro_0877;184;32,72826086956522;20,777173913043477;2199;-11,951086956521742;-36,5161076054467
Secundaria;centro_0882;124;18,266129032258064;8,540322580645162;1206;-9,725806451612902;-53,245033112582774
Secundaria;centro_0888;537;24,80074487895717;17,599627560521416;3867;-7,201117318435752;-29,035891274966207
Secundaria;centro_0898;222;13,756756756756756;12,13063063063063;361;-1,6261261261261257;-11,820563195808775
Secundaria;centro_0917;66;15,151515151515152;4,893939393939394;677;-10,257575757575758;-67,7
Secundaria;centro_0938;246;19,085365853658537;10,861788617886178;2023;-8,223577235772359;-43,088391906283285
Secundaria;centro_0951;243;14,090534979423868;9,213991769547325;1185;-4,876543209876543;-34,608644859813076
Secundaria;centro_0953;297;16,925925925925927;11,952861952861953;1477;-4,973063973063974;-29,381340759896556
Secundaria;centro_0955;173;16,439306358381504;8,294797687861271;1409;-8,144508670520233;-49,54289732770746
Secundaria;centro_0956;179;4,385474860335195;3,547486033519553;150;-0,8379888268156424;-19,108280254777064
Secundaria;centro_0960;497;9,975855130784709;6,420523138832998;1767;-3,555331991951711;-35,639370713997586
Secundaria;centro_0993;134;11,626865671641792;9,962686567164178;223;-1,664179104477613;-14,313222079589227
Secundaria;centro_0994;112;6,508928571428571;5,8125;78;-0,6964285714285712;-10,699588477366252
Secundaria;centro_1014;72;17,055555555555557;6,652777777777778;749;-10,402777777777779;-60,99348534201955
Secundaria;centro_1022;33;9,151515151515152;2,6666666666666665;214;-6,484848484848486;-70,86092715231788
Secundaria;centro_1026;167;15,173652694610778;8,844311377245509;1057;-6,3293413173652695;-41,71270718232044
Secundaria;centro_1029;373;22,710455764075068;14,916890080428955;2907;-7,793565683646113;-34,3170818085232
Secundaria;centro_1050;222;14,153153153153154;12,522522522522523;362;-1,6306306306306304;-11,521323997453848
Secundaria;centro_1056;143;7,510489510489511;4,2377622377622375;468;-3,2727272727272734;-43,57541899441342
Secundaria;centro_1079;177;19,9774011299435;11,813559322033898;1445;-8,163841807909604;-40,86538461538461
Secundaria;centro_1102;106;8,216981132075471;7,6415094339622645;61;-0,5754716981132066;-7,003444316877139
Secundaria;centro_1117;34;10,441176470588236;1,5588235294117647;302;-8,882352941176471;-85,07042253521126
Secundaria;centro_1120;59;4,067796610169491;2,5762711864406778;88;-1,4915254237288136;-36,66666666666667
Secundaria;centro_1128;153;11,444444444444445;3,6143790849673203;1198;-7,830065359477125;-68,41804683038264
Secundaria;centro_1141;187;12,085561497326204;14,310160427807487;-416;2,2245989304812834;18,40707964601769
Secundaria;centro_1156;263;10,783269961977187;6,163498098859316;1215;-4,619771863117871;-42,84203102961918
Secundaria;centro_1170;69;13,08695652173913;14,826086956521738;-120;1,7391304347826075;13,289036544850497
Secundaria;centro_1199;157;39,15923566878981;29,808917197452228;1468;-9,350318471337584;-23,87768379960964
Secundaria;centro_1256;211;17,61137440758294;14,914691943127963;569;-2,6966824644549767;-15,312163616792251
Secundaria;centro_1259;192;15,046875;9,317708333333334;1100;-5,729166666666666;-38,07545863620629
Secundaria;centro_1266;148;5,77027027027027;3,72972972972973;302;-2,0405405405405403;-35,36299765807962
Secundaria;centro_1270;83;12,120481927710843;4,9156626506024095;598;-7,204819277108434;-59,44333996023856
Secundaria;centro_1293;449;12,510022271714922;6,770601336302895;2577;-5,739420935412027;-45,87858287341998
Secundaria;centro_1310;60;16,966666666666665;15,15;109;-1,8166666666666647;-10,707269155206278
Secundaria;centro_1373;50;16,5;17,92;-71;1,4200000000000017;8,606060606060616
Secundaria;centro_1374;72;13,125;11,069444444444445;148;-2,0555555555555554;-15,661375661375665
Secundaria;centro_1377;88;13,272727272727273;11,125;189;-2,1477272727272734;-16,181506849315074
Secundaria;centro_1425;184;7,663043478260869;9,391304347826088;-318;1,7282608695652186;22,553191489361723
Secundaria;centro_1445;46;1,3043478260869565;4,521739130434782;-148;3,2173913043478257;246,66666666666663
Secundaria;centro_1620;131;14,625954198473282;11,709923664122137;382;-2,9160305343511457;-19,93736951983299
Secundaria;centro_2275;225;8,004444444444445;4,333333333333333;826;-3,671111111111112;-45,86340921710161
Secundaria;centro_2286;95;4,463157894736842;2,463157894736842;190;-1,9999999999999996;-44,811320754716974
UTU;centro_0020;505;3,403960396039604;2,0455445544554456;686;-1,3584158415841583;-39,90692262943571
UTU;centro_0029;370;8,824324324324325;5,916216216216216;1076;-2,9081081081081086;-32,955589586523736
UTU;centro_0030;519;7,165703275529865;5,786127167630058;716;-1,3795761078998074;-19,25248722774939
UTU;centro_0034;559;11,37030411449016;8,483005366726298;1614;-2,8872987477638627;-25,39332913782252
UTU;centro_0035;97;7,134020618556701;6,072164948453608;103;-1,0618556701030935;-14,884393063583822
UTU;centro_0041;864;12,616898148148149;10,101851851851851;2173;-2,5150462962962976;-19,933951013668484
UTU;centro_0049;204;9,544117647058824;8,161764705882353;282;-1,382352941176471;-14,483821263482287
UTU;centro_0067;443;22,96839729119639;20,507900677200904;1090;-2,4604966139954847;-10,712530712530711
UTU;centro_0069;501;7,07185628742515;3,8263473053892216;1626;-3,245508982035928;-45,89331075359865
UTU;centro_0071;550;13,690909090909091;10,552727272727273;1726;-3,1381818181818186;-22,921646746347946
UTU;centro_0072;299;9,591973244147157;5,739130434782608;1152;-3,8528428093645486;-40,16736401673641
UTU;centro_0073;278;10,197841726618705;7,766187050359712;676;-2,431654676258993;-23,844797178130506
UTU;centro_0074;443;5,306997742663657;4,839729119638826;207;-0,46726862302483063;-8,804763930242455
UTU;centro_0075;31;4,741935483870968;5,419354838709677;-21;0,6774193548387091;14,28571428571428
UTU;centro_0082;595;9,831932773109244;8,33109243697479;893;-1,5008403361344538;-15,264957264957268
UTU;centro_0084;40;6,3;6,875;-23;0,5750000000000002;9,126984126984139
UTU;centro_0085;55;7,1454545454545455;5,581818181818182;86;-1,5636363636363635;-21,882951653944016
UTU;centro_0087;216;2,9212962962962963;1,9768518518518519;204;-0,9444444444444444;-32,32963549920761
UTU;centro_0088;366;23,316939890710383;22,833333333333332;177;-0,48360655737705116;-2,0740567143192057
UTU;centro_0089;32;5,5;5,53125;-1;0,03125;0,5681818181818121
UTU;centro_0090;32;0,0;0,0;0;0,0;
UTU;centro_0094;476;8,508403361344538;4,665966386554622;1829;-3,8424369747899156;-45,16049382716049
UTU;centro_0098;1585;11,81135646687697;9,406309148264985;3812;-2,4050473186119863;-20,362160141018105
UTU;centro_0099;212;6,716981132075472;4,047169811320755;566;-2,669811320754717;-39,74719101123596
UTU;centro_0109;663;5,3966817496229265;5,285067873303167;74;-0,11161387631975916;-2,0681945220793807
UTU;centro_0118;573;8,488656195462479;7,804537521815009;392;-0,68411867364747;-8,059210526315796
UTU;centro_0119;55;6,181818181818182;5,218181818181818;53;-0,9636363636363638;-15,588235294117647
UTU;centro_0120;83;6,204819277108434;1,7469879518072289;370;-4,457831325301205;-71,84466019417476
UTU;centro_0121;576;15,65625;12,241319444444445;1967;-3,4149305555555554;-21,811931692171214
UTU;centro_0123;141;18,56737588652482;7,75886524822695;1524;-10,808510638297872;-58,21237585943469
UTU;centro_0128;372;14,204301075268818;10,486559139784946;1383;-3,717741935483872;-26,17335352006056
UTU;centro_0129;261;10,386973180076629;8,835249042145595;405;-1,5517241379310338;-14,939136849870893
UTU;centro_0132;85;6,105882352941176;6,129411764705883;-2;0,023529411764706687;0,3853564547206201
UTU;centro_0135;374;8,93048128342246;5,6550802139037435;1225;-3,2754010695187157;-36,67664670658682
UTU;centro_0136;273;7,205128205128205;5,9633699633699635;339;-1,2417582417582418;-17,23436705643111
UTU;centro_0139;245;7,844897959183673;3,5551020408163265;1051;-4,289795918367346;-54,68262226847034
UTU;centro_0140;127;6,440944881889764;4,393700787401575;260;-2,047244094488189;-31,784841075794624
UTU;centro_0147;908;8,061674008810572;5,064977973568282;2721;-2,99669603524229;-37,17213114754097
UTU;centro_0159;85;3,635294117647059;5,0588235294117645;-121;1,4235294117647057;39,158576051779924
UTU;centro_0165;465;9,053763440860216;5,608602150537634;1602;-3,4451612903225817;-38,05225653206652
UTU;centro_0170;88;9,772727272727273;11,545454545454545;-156;1,7727272727272716;18,13953488372091
UTU;centro_0179;377;8,328912466843502;6,108753315649867;837;-2,2201591511936343;-26,656050955414013
UTU;centro_0185;359;6,142061281337047;4,835654596100278;469;-1,3064066852367686;-21,269841269841272
UTU;centro_0187;218;5,426605504587156;4,3807339449541285;228;-1,045871559633028;-19,273034657650044
UTU;centro_0192;604;9,688741721854305;6,6009933774834435;1865;-3,087748344370861;-31,86944634313056
UTU;centro_0194;98;17,520408163265305;13,755102040816327;369;-3,765306122448978;-21,49097262667442
UTU;centro_0198;154;6,454545454545454;6,279220779220779;27;-0,1753246753246751;-2,716297786720323
UTU;centro_0207;365;11,26027397260274;7,873972602739726;1236;-3,3863013698630136;-30,072992700729927
UTU;centro_0214;618;16,372168284789645;11,830097087378642;2807;-4,542071197411003;-27,74263688475983
UTU;centro_0215;106;13,754716981132075;13,830188679245284;-8;0,07547169811320842;0,5486968449931462
UTU;centro_0217;165;8,921212121212122;10,024242424242424;-182;1,1030303030303017;12,364130434782595
UTU;centro_0219;421;10,66270783847981;10,591448931116389;30;-0,07125890736342022;-0,6683002895967904
UTU;centro_0220;64;17,234375;6,4375;691;-10,796875;-62,64732547597461
UTU;centro_0223;324;7,882716049382716;4,182098765432099;1199;-3,700617283950617;-46,94596711041503
UTU;centro_0225;356;7,845505617977528;5,168539325842697;953;-2,676966292134831;-34,12101682778375
UTU;centro_0229;68;4,455882352941177;4,647058823529412;-13;0,1911764705882355;4,290429042904287
UTU;centro_0230;52;5,0576923076923075;3,4615384615384617;83;-1,5961538461538458;-31,558935361216722
UTU;centro_0233;188;5,99468085106383;4,398936170212766;300;-1,5957446808510642;-26,619343389529725
UTU;centro_0235;81;8,17283950617284;4,185185185185185;323;-3,987654320987655;-48,7915407854985
UTU;centro_0242;39;10,692307692307692;3,2564102564102564;290;-7,435897435897435;-69,54436450839329
UTU;centro_0247;82;24,5609756097561;25,4390243902439;-72;0,8780487804878021;3,5749751737835123
UTU;centro_0264;120;15,091666666666667;9,958333333333334;616;-5,133333333333333;-34,01435670900055
UTU;centro_0269;126;8,119047619047619;6,420634920634921;214;-1,6984126984126977;-20,918866080156395
UTU;centro_0271;74;9,95945945945946;10,945945945945946;-73;0,986486486486486;9,905020352781534
UTU;centro_0272;35;9,971428571428572;3,742857142857143;218;-6,228571428571429;-62,46418338108883
UTU;centro_0273;398;9,017587939698492;4,608040201005025;1755;-4,409547738693467;-48,89941487879632
UTU;centro_0275;160;7,1875;4,125;490;-3,0625;-42,608695652173914
UTU;centro_0279;293;10,34470989761092;5,129692832764505;1528;-5,215017064846416;-50,41240514681623
UTU;centro_0283;86;5,011627906976744;4,686046511627907;28;-0,3255813953488369;-6,49651972157772
UTU;centro_0287;99;23,383838383838384;16,252525252525253;706;-7,1313131313131315;-30,49676025917927
UTU;centro_0288;33;4,545454545454546;3,0;51;-1,5454545454545459;-34,00000000000001
UTU;centro_0296;162;4,172839506172839;3,197530864197531;158;-0,9753086419753085;-23,372781065088756
UTU;centro_0301;177;16,75141242937853;8,649717514124294;1434;-8,101694915254235;-48,36424957841483
UTU;centro_0305;290;9,813793103448276;5,1689655172413795;1347;-4,644827586206897;-47,32958538299368
UTU;centro_0313;166;9,355421686746988;7,253012048192771;349;-2,1024096385542173;-22,47263361236317
UTU;centro_0314;568;16,1443661971831;10,42605633802817;3248;-5,71830985915493;-35,419847328244266
UTU;centro_0324;95;11,063157894736841;5,505263157894737;528;-5,557894736842105;-50,23786869647955
UTU;centro_0325;55;9,654545454545454;4,963636363636364;258;-4,6909090909090905;-48,58757062146892
UTU;centro_0327;36;0,6111111111111112;0,7777777777777778;-6;0,16666666666666663;27,27272727272727
UTU;centro_0328;831;9,28158844765343;6,081829121540313;2659;-3,199759326113117;-34,474264229223394
UTU;centro_0332;91;14,989010989010989;8,274725274725276;611;-6,7142857142857135;-44,79472140762463
UTU;centro_0334;65;1,2307692307692308;9,338461538461539;-527;8,107692307692307;658,75
UTU;centro_0339;390;7,517948717948718;5,851282051282051;650;-1,666666666666667;-22,169167803547076
UTU;centro_0342;147;9,428571428571429;4,73469387755102;690;-4,6938775510204085;-49,78354978354979
UTU;centro_0346;84;5,607142857142857;13,30952380952381;-647;7,702380952380953;137,36730360934186
UTU;centro_0358;401;7,930174563591023;5,778054862842893;863;-2,1521197007481296;-27,138364779874212
UTU;centro_0359;96;3,15625;2,5416666666666665;59;-0,6145833333333335;-19,471947194719476
UTU;centro_0361;42;7,119047619047619;8,166666666666666;-44;1,0476190476190474;14,71571906354514
UTU;centro_0364;52;3,8076923076923075;2,1538461538461537;86;-1,6538461538461537;-43,43434343434344
UTU;centro_0370;363;12,953168044077135;10,509641873278238;887;-2,443526170798897;-18,864313058273062
UTU;centro_0371;91;7,351648351648351;7,758241758241758;-37;0,4065934065934069;5,530642750373693
UTU;centro_0373;392;6,395408163265306;7,130102040816326;-288;0,7346938775510203;11,487834064619062
UTU;centro_0382;181;5,425414364640884;5,602209944751381;-32;0,17679558011049767;3,258655804480659
UTU;centro_0400;140;16,97142857142857;13,985714285714286;418;-2,9857142857142858;-17,59259259259259
UTU;centro_0413;96;23,697916666666668;10,041666666666666;1311;-13,656250000000002;-57,62637362637364
UTU;centro_0418;128;6,21875;3,609375;334;-2,609375;-41,959798994974875
UTU;centro_0419;88;4,568181818181818;5,4772727272727275;-80;0,9090909090909092;19,90049751243781
UTU;centro_0421;119;12,235294117647058;8,571428571428571;436;-3,663865546218487;-29,945054945054938
UTU;centro_0435;94;15,585106382978724;11,095744680851064;422;-4,48936170212766;-28,80546075085324
UTU;centro_0436;381;10,564304461942257;9,89238845144357;256;-0,6719160104986877;-6,360248447204963
UTU;centro_0442;258;9,031007751937985;6,651162790697675;614;-2,37984496124031;-26,3519313304721
UTU;centro_0444;114;10,219298245614034;4,824561403508772;615;-5,394736842105262;-52,78969957081545
UTU;centro_0451;74;5,702702702702703;5,216216216216216;36;-0,48648648648648685;-8,530805687203802
UTU;centro_0452;44;8,886363636363637;5,0;171;-3,8863636363636367;-43,73401534526854
UTU;centro_0456;711;6,073136427566808;3,8452883263009845;1584;-2,227848101265823;-36,68364983788791
UTU;centro_0464;102;10,480392156862745;8,156862745098039;237;-2,3235294117647065;-22,170252572497663
UTU;centro_0487;85;21,58823529411765;12,16470588235294;801;-9,423529411764708;-43,651226158038156
UTU;centro_0491;101;2,6831683168316833;2,5544554455445545;13;-0,12871287128712883;-4,797047970479706
UTU;centro_0493;390;11,505128205128205;7,917948717948718;1399;-3,587179487179487;-31,17896144417205
UTU;centro_0501;141;12,23404255319149;8,553191489361701;519;-3,680851063829788;-30,08695652173914
UTU;centro_0503;38;7,684210526315789;5,2894736842105265;91;-2,394736842105263;-31,164383561643827
UTU;centro_0512;254;10,940944881889763;5,405511811023622;1406;-5,535433070866141;-50,593738754947815
UTU;centro_0513;96;7,375;6,65625;69;-0,71875;-9,745762711864403
UTU;centro_0515;246;5,434959349593496;5,467479674796748;-8;0,032520325203252654;0,5983545250560995
UTU;centro_0522;148;22,27027027027027;12,222972972972974;1487;-10,047297297297296;-45,11529126213591
UTU;centro_0529;71;5,380281690140845;6,253521126760563;-62;0,873239436619718;16,230366492146597
UTU;centro_0537;404;5,044554455445544;5,344059405940594;-121;0,29950495049504955;5,937193326790968
UTU;centro_0539;50;3,7;5,94;-112;2,24;60,54054054054055
UTU;centro_0540;90;2,111111111111111;0,8888888888888888;110;-1,2222222222222223;-57,89473684210527
UTU;centro_0550;59;2,5762711864406778;2,5762711864406778;0;0,0;0,0
UTU;centro_0552;90;10,077777777777778;6,288888888888889;341;-3,7888888888888888;-37,59647188533627
UTU;centro_0567;221;9,04524886877828;5,171945701357466;856;-3,873303167420814;-42,82141070535267
UTU;centro_0570;767;13,156453715775749;9,522816166883963;2787;-3,6336375488917856;-27,618670102071153
UTU;centro_0574;115;7,973913043478261;3,4347826086956523;522;-4,539130434782608;-56,9247546346783
UTU;centro_0590;621;5,413848631239936;3,890499194847021;946;-1,5233494363929148;-28,138013087447945
UTU;centro_0596;598;7,282608695652174;3,891304347826087;2028;-3,391304347826087;-46,56716417910448
UTU;centro_0598;73;17,410958904109588;13,342465753424657;297;-4,068493150684931;-23,36742722265932
UTU;centro_0599;117;9,64102564102564;6,35042735042735;385;-3,2905982905982905;-34,13120567375887
UTU;centro_0601;344;4,784883720930233;4,854651162790698;-24;0,06976744186046524;1,4580801944106936
UTU;centro_0606;64;25,84375;22,140625;237;-3,703125;-14,328899637243042
UTU;centro_0615;349;10,982808022922637;8,025787965616045;1032;-2,9570200573065915;-26,924080354813473
UTU;centro_0621;61;10,098360655737705;6,622950819672131;212;-3,475409836065574;-34,41558441558442
UTU;centro_0634;129;24,503875968992247;22,007751937984494;322;-2,496124031007753;-10,186649794368874
UTU;centro_0635;74;3,689189189189189;3,5;14;-0,18918918918918903;-5,128205128205121
UTU;centro_0641;64;6,796875;2,15625;297;-4,640625;-68,27586206896552
UTU;centro_0642;518;8,488416988416988;5,411196911196911;1594;-3,077220077220077;-36,25198999317717
UTU;centro_0645;65;6,569230769230769;7,107692307692307;-35;0,5384615384615383;8,196721311475418
UTU;centro_0646;121;14,28099173553719;10,983471074380166;399;-3,2975206611570247;-23,09027777777778
UTU;centro_0648;234;17,085470085470085;11,282051282051283;1358;-5,803418803418802;-33,96698349174587
UTU;centro_0654;183;11,595628415300547;7,573770491803279;736;-4,021857923497269;-34,68426013195099
UTU;centro_0656;159;14,276729559748428;12,38993710691824;300;-1,8867924528301891;-13,215859030837008
UTU;centro_0657;81;14,08641975308642;14,74074074074074;-53;0,6543209876543212;4,645048203330404
UTU;centro_0663;214;7,350467289719626;4,509345794392523;608;-2,841121495327103;-38,65225683407502
UTU;centro_0665;151;5,947019867549669;3,801324503311258;324;-2,1456953642384105;-36,08017817371938
UTU;centro_0675;79;1,6329113924050633;1,2784810126582278;28;-0,35443037974683556;-21,705426356589154
UTU;centro_0680;74;1,6081081081081081;2,608108108108108;-74;0,9999999999999998;62,18487394957981
UTU;centro_0685;188;6,808510638297872;6,430851063829787;71;-0,37765957446808507;-5,546874999999996
UTU;centro_0691;127;3,2913385826771653;4,149606299212598;-109;0,8582677165354329;26,076555023923433
UTU;centro_0694;354;13,451977401129943;6,2824858757062145;2538;-7,169491525423728;-53,296934061318765
UTU;centro_0708;223;12,47085201793722;8,112107623318385;972;-4,358744394618835;-34,95145631067962
UTU;centro_0713;44;16,386363636363637;13,681818181818182;119;-2,704545454545455;-16,504854368932044
UTU;centro_0727;72;11,666666666666666;5,791666666666667;423;-5,874999999999999;-50,357142857142854
UTU;centro_0730;95;7,652631578947369;5,273684210526316;226;-2,378947368421053;-31,08665749656121
UTU;centro_0732;88;12,238636363636363;8,079545454545455;366;-4,159090909090908;-33,98328690807799
UTU;centro_0738;70;10,428571428571429;7,814285714285714;183;-2,6142857142857148;-25,068493150684933
UTU;centro_0739;90;10,011111111111111;7,133333333333334;259;-2,8777777777777773;-28,745837957824637
UTU;centro_0744;76;14,18421052631579;7,7105263157894735;492;-6,473684210526316;-45,64007421150278
UTU;centro_0756;71;16,43661971830986;17,746478873239436;-93;1,3098591549295762;7,969151670951158
UTU;centro_0770;55;15,563636363636364;16,87272727272727;-72;1,3090909090909069;8,411214953271017
UTU;centro_0771;48;10,3125;14,458333333333334;-199;4,145833333333334;40,202020202020215
UTU;centro_0779;98;5,714285714285714;4,061224489795919;162;-1,6530612244897958;-28,928571428571427
UTU;centro_0783;244;15,795081967213115;12,434426229508198;820;-3,360655737704917;-21,276595744680847
UTU;centro_0784;79;10,189873417721518;6,2405063291139244;312;-3,949367088607594;-38,75776397515527
UTU;centro_0795;157;14,789808917197453;13,949044585987261;132;-0,8407643312101918;-5,68475452196383
UTU;centro_0798;96;10,84375;3,7083333333333335;685;-7,135416666666666;-65,80211335254562
UTU;centro_0800;165;9,351515151515152;5,539393939393939;629;-3,8121212121212125;-40,7647440051847
UTU;centro_0802;482;5,79045643153527;4,661825726141079;544;-1,1286307053941904;-19,49122178430669
UTU;centro_0810;123;13,195121951219512;11,56910569105691;200;-1,6260162601626025;-12,322858903265566
UTU;centro_0814;200;5,325;3,33;399;-1,995;-37,464788732394375
UTU;centro_0817;143;2,1818181818181817;2,230769230769231;-7;0,04895104895104918;2,243589743589758
UTU;centro_0835;43;16,0;11,837209302325581;179;-4,162790697674419;-26,01744186046512
UTU;centro_0838;55;6,072727272727272;6,327272727272727;-14;0,25454545454545485;4,191616766467066
UTU;centro_0845;62;9,048387096774194;6,419354838709677;163;-2,629032258064517;-29,055258467023183
UTU;centro_0849;39;10,333333333333334;9,384615384615385;37;-0,9487179487179489;-9,181141439205954
UTU;centro_0858;89;6,786516853932584;4,966292134831461;162;-1,8202247191011232;-26,821192052980123
UTU;centro_0862;66;8,666666666666666;2,8181818181818183;386;-5,848484848484848;-67,48251748251748
UTU;centro_0863;71;19,676056338028168;12,788732394366198;489;-6,88732394366197;-35,003579098067284
UTU;centro_0870;44;7,9772727272727275;3,3181818181818183;205;-4,659090909090909;-58,4045584045584
UTU;centro_0889;84;15,047619047619047;6,035714285714286;757;-9,011904761904763;-59,88924050632911
UTU;centro_0893;34;10,852941176470589;12,588235294117647;-59;1,735294117647058;15,989159891598902
UTU;centro_0894;48;13,520833333333334;7,958333333333333;267;-5,562500000000001;-41,14021571648691
UTU;centro_0895;45;3,4;3,511111111111111;-5;0,11111111111111116;3,267973856209161
UTU;centro_0922;148;16,236486486486488;11,763513513513514;662;-4,472972972972974;-27,548897211818556
UTU;centro_0943;79;16,924050632911392;10,455696202531646;511;-6,468354430379746;-38,2198952879581
UTU;centro_0964;212;6,339622641509434;3,702830188679245;559;-2,636792452830189;-41,592261904761905
UTU;centro_0965;56;6,857142857142857;5,196428571428571;93;-1,6607142857142856;-24,21875
UTU;centro_0982;281;8,857651245551601;5,683274021352313;892;-3,1743772241992882;-35,83768581759743
UTU;centro_0984;203;10,916256157635468;10,270935960591133;131;-0,6453201970443345;-5,911552346570392
UTU;centro_1047;51;8,862745098039216;7,96078431372549;46;-0,9019607843137258;-10,176991150442483
UTU;centro_1062;105;4,9523809523809526;5,980952380952381;-108;1,0285714285714285;20,769230769230763
UTU;centro_1071;142;11,880281690140846;6,774647887323944;725;-5,105633802816902;-42,97569650266746
UTU;centro_1073;57;2,0526315789473686;1,631578947368421;24;-0,42105263157894757;-20,512820512820518
UTU;centro_1085;75;5,373333333333333;1,6666666666666667;278;-3,706666666666666;-68,98263027295285
UTU;centro_1089;59;5,237288135593221;5,661016949152542;-25;0,4237288135593218;8,090614886731395
UTU;centro_1092;85;20,67058823529412;15,16470588235294;468;-5,505882352941178;-26,636311895276044
UTU;centro_1111;93;2,5698924731182795;3,946236559139785;-128;1,3763440860215055;53,55648535564854
UTU;centro_1119;142;8,732394366197184;8,140845070422536;84;-0,591549295774648;-6,774193548387098
UTU;centro_1158;117;6,042735042735043;6,3247863247863245;-33;0,28205128205128194;4,667609618104662
UTU;centro_1235;30;4,966666666666667;6,433333333333334;-44;1,4666666666666668;29,53020134228188
UTU;centro_1272;38;4,184210526315789;4,842105263157895;-25;0,6578947368421053;15,723270440251568
UTU;centro_1303;44;8,0;5,840909090909091;95;-2,159090909090909;-26,988636363636363
UTU;centro_1363;45;5,911111111111111;7,7555555555555555;-83;1,844444444444444;31,203007518796987
UTU;centro_1364;99;19,646464646464647;16,87878787878788;274;-2,767676767676768;-14,087403598971726
UTU;centro_1395;30;3,3666666666666667;3,2666666666666666;3;-0,10000000000000009;-2,970297029702973
UTU;centro_1451;69;5,782608695652174;2,5072463768115942;226;-3,2753623188405796;-56,64160401002506
UTU;centro_1636;33;3,1818181818181817;8,333333333333334;-170;5,151515151515152;161,90476190476195
UTU;centro_1712;39;8,487179487179487;5,512820512820513;116;-2,9743589743589745;-35,0453172205438
